image_name,date_taken
DJI_0256,NA
DJI_0344,NA
DJI_0345,NA
DJI_0346,NA
DJI_0347,NA
DJI_0348,NA
DJI_0349,NA
DJI_0350,NA
DJI_0351,NA
DJI_0352,NA
DJI_0353,NA
DJI_0354,NA
DJI_0355,NA
DJI_0356,NA
DJI_0357,NA
DJI_0358,NA
DJI_0359,NA
DJI_0360,NA
DJI_0361,NA
DJI_0362,NA
DJI_0363,NA
DJI_0364,NA
DJI_0365,NA
DJI_0366,NA
DJI_0367,NA
DJI_0368,NA
DJI_0369,NA
DJI_0370,NA
DJI_0371,NA
DJI_0372,NA
DJI_0373,NA
DJI_0374,NA
LL aerial1,NA
LL grass,NA
LL grass1 March 2023,NA
LL grass10 March 2023,NA
LL grass11 March 2023,NA
LL grass12 March 2023,NA
LL grass13 March 2023,NA
LL grass15 March 2023,NA
LL grass16 March 2023,NA
LL grass17 March 2023,NA
LL grass18 March 2023,NA
LL grass19 March 2023,NA
LL grass2 March 2023,NA
LL grass20 March 2023,NA
LL grass21 March 2023,NA
LL grass22 March 2023,NA
LL grass23 March 2023,NA
LL grass24 March 2023,NA
LL grass25 March 2023,NA
LL grass26 March 2023,NA
LL grass27 March 2023,NA
LL grass28 March 2023,NA
LL grass29 March 2023,NA
LL grass3 March 2023,NA
LL grass30 March 2023,NA
LL grass31 March 2023,NA
LL grass32 March 2023,NA
LL grass4 March 2023,NA
LL grass5 March 2023,NA
LL grass6 March 2023,NA
LL grass7 March 2023,NA
LL grass8 March 2023,NA
LL grass9 March 2023,NA
