image_name,circular_mean,circular_variance,circular_median,circular_IQR,quantile_25,quantile_50,quantile_75
DJI_0256,29.74848838134051,0.9435085883219845,86.62701725525484,87.43281857011006,41.83600911888091,86.62701725525484,134.40319054877085
DJI_0344,56.055215444175474,0.9322557537134932,85.8604153725082,87.75010051836944,43.48670145461046,85.8604153725082,131.2368019729799
DJI_0345,44.859980743816266,0.922988022068715,84.32027972473647,89.04200477050901,42.74820344906218,84.32027972473647,131.79020821957118
DJI_0346,46.54866792845087,0.9144649755178208,83.13672082416,89.35561874851425,41.97485553849234,83.13672082416,131.33047428700658
DJI_0347,64.73796158711106,0.9435356604888411,86.99265292579189,86.57141082363957,44.97917779152367,86.99265292579189,131.55058861516324
DJI_0348,51.77718220860122,0.9211852867579124,84.34144746325035,88.211091675466193,43.05526636425587,84.34144746325035,131.26635803972206
DJI_0349,46.222081943373055,0.8962363797001076,82.33838497266856,88.16775964759404,41.867381053848334,82.33838497266856,130.03514070144237
DJI_0350,58.874867704491905,0.8993332061339732,83.54062155079501,85.09675118177972,43.703936501982874,83.54062155079501,128.8006876837626
DJI_0351,49.87442463674431,0.8936467372112785,81.45082119500057,87.92040954239512,41.46247430860406,81.45082119500057,129.38288385099918
DJI_0352,35.16793664726624,0.9656371017617118,86.71954910264138,89.16596826658952,43.02825056231598,86.71954910264138,133.86228229572646
DJI_0353,31.955375858225054,0.9814748459467064,89.21966281645126,89.08897272854479,44.59417705404992,89.21966281645126,135.50520432550513
DJI_0354,54.16231748862169,0.893851736370106,82.39235345314815,85.85596537987345,42.81857707415878,82.39235345314815,128.67454245403223
DJI_0355,49.9986178931392,0.9261528158089843,84.6560341634428,88.43661951422925,42.92748445347123,84.6560341634428,131.3641039677005
DJI_0356,55.880301837855434,0.910623064654621,82.94761909845613,86.77311891248145,42.27302578373569,82.94761909845613,129.04614469621714
DJI_0357,134.0489632473017,0.937547318727811,93.94935046912605,89.26461313798956,47.21452666431651,93.94935046912605,136.47913980230607
DJI_0358,41.56715840042071,0.9211792227682848,84.26126326897369,89.82121465926555,42.089162173832264,84.26126326897369,132.2679475145667
DJI_0359,38.42937838804272,0.9413432391789623,85.81832737899877,89.04395624550662,42.50360061350144,85.81832737899877,133.45964436799483
DJI_0360,44.52672075865697,0.8646849379406576,79.99880156667858,88.48226360225519,40.5114783074734,79.99880156667858,128.99374190972858
DJI_0361,42.738527233160035,0.8571354664908216,78.87428989926667,88.18893534521673,39.83742385727264,78.87428989926667,128.02635920248937
DJI_0362,44.41981529074581,0.8438589386177193,77.73786595287626,87.64056928958587,39.9020142163612,77.73786595287626,127.54258350594708
DJI_0363,44.6191803746716,0.9089446616396827,83.20899547956047,89.23751024991867,41.95590400072036,83.20899547956047,131.19341425063902
DJI_0364,41.36998865171228,0.8311404097509635,77.1228368970633,89.05810555225455,38.853714320175634,77.1228368970633,127.91181987243019
DJI_0365,30.056376875455253,0.9159930388062039,84.1363811343953,87.43612158563394,41.05803486682209,84.1363811343953,133.62191328118814
DJI_0366,34.58744372546859,0.9099228147347793,82.99996970155613,87.94762010396215,40.70808709469218,82.99996970155613,132.76046699073004
DJI_0367,28.198965738661904,0.9109717775972787,82.28764791440807,87.1039316654531,39.62005552729679,82.28764791440807,132.51612386184368
DJI_0368,38.96943132729336,0.9514671470754474,86.81510259620741,89.10010189727778,43.15238973400538,86.81510259620741,134.0522878367276
DJI_0369,10.878644453712344,0.942481385503769,87.5942513802226,86.11645702774402,41.963131051605586,87.5942513802226,135.84667402386157
DJI_0370,38.637622934100676,0.8149042729429608,75.63967719873861,89.99632706878765,37.6864728013412,75.63967719873861,127.68279987012886
DJI_0371,174.41962925308812,0.974309551576156,89.80675045440229,87.93155920965336,43.26084167350002,89.80675045440229,135.32928246384665
DJI_0372,46.900686860211486,0.9891704742546612,89.44923723330152,89.43543591502677,45.04723476218714,89.44923723330152,134.48267067721392
DJI_0373,47.22373200007478,0.8126562871446006,75.94469741919747,84.91420959925443,39.71813776024232,75.94469741919747,124.63234735949676
DJI_0374,33.08307941617005,0.9797282374883103,87.44006215955251,89.40057225667371,43.39930418834418,87.44006215955251,133.99873193167048
LL aerial1,42.501067769034556,0.9776133033638328,88.01401224266785,89.8870655417221,44.15077377718423,88.01401224266785,134.03783931890632
LL grass,171.82956650084384,0.9237013058726654,91.68848273164433,83.36556612232836,42.41667143907152,91.68848273164433,139.05110531674316
LL grass1 March 2023,175.81786147240445,0.9688011054635829,90.33969431731266,87.54946289395795,44.09364778892669,90.33969431731266,136.54418489496874
LL grass10 March 2023,47.00198042488143,0.8987054200372628,81.7278397330022,88.62773099375593,41.09005476008943,81.7278397330022,129.71778575384536
LL grass11 March 2023,66.56264307545669,0.9357529433412854,86.85078676377877,85.72952501371398,45.168424778550616,86.85078676377877,130.8979497922646
LL grass12 March 2023,52.48060497152061,0.9226077209124295,84.29828006990012,87.64075984677916,42.884913487740896,84.29828006990012,130.52567333452006
LL grass13 March 2023,44.1346305085042,0.8875974572967202,81.06453320820368,88.66834437685486,40.92945129569472,81.06453320820368,129.59779567254958
LL grass15 March 2023,49.065158195122834,0.873360201785001,80.36475731660741,86.57849749529254,41.752280419928574,80.36475731660741,128.33077791522112
LL grass16 March 2023,38.80829437981259,0.9731553606884156,87.46443912427631,89.61109694673169,43.53692694835917,87.46443912427631,133.92583000162747
LL grass17 March 2023,32.657462285763344,0.9803507239611309,88.78747323974096,89.33577397224416,43.77891432218878,88.78747323974096,134.44314034994463
LL grass18 March 2023,54.72152186979536,0.8929856118599363,82.33787650426052,85.68615959536135,42.82031509209958,82.33787650426052,128.50647468746092
LL grass19 March 2023,49.13442824281788,0.9140763644050237,83.38589320866409,88.31022131422557,42.37161519642272,83.38589320866409,130.68183651064828
LL grass2 March 2023,6.456511005065328,0.9407010534864461,88.97762954879416,84.7093356980157,41.23188914634369,88.97762954879416,136.52255344832798
LL grass20 March 2023,41.449251738137534,0.9198874004686651,83.73014778515508,89.92854819162967,41.929516929775374,83.73014778515508,131.85806512140505
LL grass21 March 2023,37.708176528365435,0.9322072019798096,84.1043932396574,89.14809238214337,41.128830778607544,84.1043932396574,131.98073839646418
LL grass22 March 2023,43.979096314448995,0.8613129880933605,79.15007068290689,88.33467950161206,40.22307643812594,79.15007068290689,128.557755939738
LL grass23 March 2023,43.12999651607255,0.8637043334738501,79.02872077290887,88.391368266314,39.74054540928764,79.02872077290887,128.13191367560165
LL grass24 March 2023,44.0391730688513,0.8343829122052115,76.95303822428158,87.02265306029003,39.59026694325459,76.95303822428158,126.61292000354462
LL grass25 March 2023,44.72667621176316,0.904127062335216,82.71074344110603,89.36264893305034,41.871113062949824,82.71074344110603,131.23376199600017
LL grass26 March 2023,41.59843917321517,0.830064215500393,77.12967837094472,88.29562723754019,38.92346989253234,77.12967837094472,127.21909713007253
LL grass27 March 2023,28.655901722852224,0.9183491697082561,84.53125285199664,87.20917075440369,41.310421470393514,84.53125285199664,134.10125071598983
LL grass28 March 2023,36.643435517248854,0.9064440078920393,82.50691408399972,88.8563346828638,40.181288436147035,82.50691408399972,131.32495375328324
LL grass29 March 2023,29.387865323470724,0.9137013341825955,82.7806581334169,87.72886130052714,40.222693682890146,82.7806581334169,132.493832382363
LL grass3 March 2023,4.8409606574897985,0.9390335229233506,89.21328494631875,84.76769776798403,41.90984922631469,89.21328494631875,137.14215145833066
LL grass30 March 2023,34.24135793720239,0.9461150264376247,86.56107224293645,88.35242295048266,42.411537324615786,86.56107224293645,134.05911437413312
LL grass31 March 2023,28.753535532248602,0.9810360458178757,89.00953731109888,88.85980155074245,44.05398264846431,89.00953731109888,135.19418109772187
LL grass32 March 2023,38.66329136363292,0.9725009238239766,86.91749048254121,89.3894096478345,43.041081900233166,86.91749048254121,133.65167225239867
LL grass4 March 2023,165.83539725836746,0.9505816026786192,91.43643524946144,86.12947802515271,43.62191709360885,91.43643524946144,137.49243906845615
LL grass5 March 2023,6.4743383844768845,0.9233055733263905,88.04250465962123,82.81401760309345,40.0543709582092,88.04250465962123,137.24035335511576
LL grass6 March 2023,11.547565866974717,0.9335497725097316,87.63555625389817,84.4750406403153,40.53183322136381,87.63555625389817,136.0567925810485
LL grass7 March 2023,1.545301335758629,0.9088175115668027,89.69241214253927,82.42244691492513,40.62375602695144,89.69241214253927,138.2013091120263
LL grass8 March 2023,58.87033210454283,0.9269683788630609,85.5689606870876,86.95834988375026,44.232768645145946,85.5689606870876,131.1911185288962
LL grass9 March 2023,45.101779866168634,0.9199078863222666,83.96139181689237,89.24077036137331,42.165581095812094,83.96139181689237,131.4063514571854
